GroupDomain,Name,AcoountType,AccountDomain,Name
SVR-DC01,Administrators, User,SANDBOX,patton
SVR-DC01,Administrators, Group,SANDBOX,Enterprise Admins
SVR-DC01,Administrators, Group,SANDBOX,Domain Admins
SVR-DC01,Administrators, User,SANDBOX,admin
SVR-DC01,Administrators, User,SANDBOX,garay
SVR-DC01,Administrators, User,SANDBOX,christopher.clayton
SVR-DC01,Administrators, User,SANDBOX,cpt91
SVR-DC01,Users, System,SVR-DC01,INTERACTIVE
SVR-DC01,Users, System,SVR-DC01,Authenticated Users
SVR-DC01,Users, Group,SANDBOX,Domain Users
SVR-DC01,Guests, User,SANDBOX,Guest
SVR-DC01,Guests, Group,SANDBOX,Domain Guests
SVR-DC01,Pre-Windows 2000 Compatible Access, System,SVR-DC01,Authenticated Users
SVR-DC01,Pre-Windows 2000 Compatible Access, User,SANDBOX,SVR-CA$
SVR-DC01,Windows Authorization Access Group, System,SVR-DC01,ENTERPRISE DOMAIN CONTROLLERS
SVR-DC01,Windows Authorization Access Group, Group,SANDBOX,Exchange Servers
SVR-DC01,Cert Publishers, User,SANDBOX,SVR-CA$
SVR-DC01,Denied RODC Password Replication Group, User,SANDBOX,krbtgt
SVR-DC01,Denied RODC Password Replication Group, Group,SANDBOX,Domain Controllers
SVR-DC01,Denied RODC Password Replication Group, Group,SANDBOX,Schema Admins
SVR-DC01,Denied RODC Password Replication Group, Group,SANDBOX,Enterprise Admins
SVR-DC01,Denied RODC Password Replication Group, Group,SANDBOX,Cert Publishers
SVR-DC01,Denied RODC Password Replication Group, Group,SANDBOX,Domain Admins
SVR-DC01,Denied RODC Password Replication Group, Group,SANDBOX,Group Policy Creator Owners
SVR-DC01,Denied RODC Password Replication Group, Group,SANDBOX,Read-only Domain Controllers
SANDBOX,Cert Publishers, User,SANDBOX,SVR-CA$
SANDBOX,Denied RODC Password Replication Group, User,SANDBOX,krbtgt
SANDBOX,Denied RODC Password Replication Group, Group,SANDBOX,Domain Controllers
SANDBOX,Denied RODC Password Replication Group, Group,SANDBOX,Schema Admins
SANDBOX,Denied RODC Password Replication Group, Group,SANDBOX,Enterprise Admins
SANDBOX,Denied RODC Password Replication Group, Group,SANDBOX,Cert Publishers
SANDBOX,Denied RODC Password Replication Group, Group,SANDBOX,Domain Admins
SANDBOX,Denied RODC Password Replication Group, Group,SANDBOX,Group Policy Creator Owners
SANDBOX,Denied RODC Password Replication Group, Group,SANDBOX,Read-only Domain Controllers
SANDBOX,$C05000-336018SHCVCJ, User,SANDBOX,SVR-EXCH$
SANDBOX,1-BN, User,SANDBOX,JBerry
SANDBOX,1-BN, User,SANDBOX,RBoseman
SANDBOX,1-BN, User,SANDBOX,TBremer
SANDBOX,1-BN, User,SANDBOX,NBuchanan
SANDBOX,1-BN, User,SANDBOX,TCarlson
SANDBOX,1-BN, User,SANDBOX,SChai
SANDBOX,1-BN, User,SANDBOX,AChor
SANDBOX,1-BN, User,SANDBOX,PConnelly
SANDBOX,1-BN, User,SANDBOX,ECorets
SANDBOX,1-BN, User,SANDBOX,ADelaney
SANDBOX,1-BN, User,SANDBOX,PDoyle
SANDBOX,1-BN, User,SANDBOX,MFaeber
SANDBOX,1-BN, User,SANDBOX,KFocht
SANDBOX,1-BN, User,SANDBOX,MGalos
SANDBOX,1-BN, User,SANDBOX,GGilbert
SANDBOX,1-BN, User,SANDBOX,MGraff
SANDBOX,1-BN, User,SANDBOX,BGroth
SANDBOX,1-BN, User,SANDBOX,MHanson
SANDBOX,1-BN, User,SANDBOX,RHarui
SANDBOX,1-BN, User,SANDBOX,JHenshaw
SANDBOX,1-BN, User,SANDBOX,RHirsch
SANDBOX,1-BN, User,SANDBOX,BHohman
SANDBOX,1-BN, User,SANDBOX,AHuff
SANDBOX,1-BN, User,SANDBOX,DJohnson
SANDBOX,1-BN, User,SANDBOX,KKeil
SANDBOX,1-BN, User,SANDBOX,EKeyser
SANDBOX,1-BN, User,SANDBOX,RKoch
SANDBOX,1-BN, User,SANDBOX,MLee
SANDBOX,1-BN, User,SANDBOX,SLevy
SANDBOX,1-BN, User,SANDBOX,RLum
SANDBOX,1-BN, User,SANDBOX,MMartin
SANDBOX,1-BN, User,SANDBOX,TMaxwell
SANDBOX,1-BN, User,SANDBOX,DMeyer
SANDBOX,1-BN, User,SANDBOX,JMollerup
SANDBOX,1-BN, User,SANDBOX,SMughal
SANDBOX,1-BN, User,SANDBOX,MNash
SANDBOX,1-BN, User,SANDBOX,FNorthup
SANDBOX,1-BN, User,SANDBOX,TOrman
SANDBOX,1-BN, User,SANDBOX,JPeoples
SANDBOX,1-BN, User,SANDBOX,CPreston
SANDBOX,1-BN, User,SANDBOX,CRandall
SANDBOX,1-BN, User,SANDBOX,JRodman
SANDBOX,1-BN, User,SANDBOX,RSam
SANDBOX,1-BN, User,SANDBOX,YSchleger
SANDBOX,1-BN, User,SANDBOX,AShen
SANDBOX,1-BN, User,SANDBOX,DSimpson
SANDBOX,1-BN, User,SANDBOX,PSpencer
SANDBOX,1-BN, User,SANDBOX,NSun
SANDBOX,1-BN, User,SANDBOX,DTibbott
SANDBOX,1-BN, User,SANDBOX,FVoss
SANDBOX,1-BN, User,SANDBOX,WWheeler
SANDBOX,1-BN, User,SANDBOX,RYoung
SANDBOX,Domain Admins, User,SANDBOX,patton
SANDBOX,Domain Admins, User,SANDBOX,ABarr
SANDBOX,Domain Admins, User,SANDBOX,DHamilton
SANDBOX,Domain Admins, User,SANDBOX,JPak
SANDBOX,Domain Admins, User,SANDBOX,MSeamans
SANDBOX,Domain Admins, User,SANDBOX,SCooper
SANDBOX,Domain Admins, User,SANDBOX,JGoldberg
SANDBOX,Domain Admins, User,SANDBOX,admin
SANDBOX,Domain Admins, User,SANDBOX,garay
SANDBOX,Domain Admins, User,SANDBOX,rocky
SANDBOX,Domain Admins, User,SANDBOX,hbss_admin
SANDBOX,Domain Admins, User,SANDBOX,cpt153
SANDBOX,Domain Admins, User,SANDBOX,cpt91
SANDBOX,Domain Computers, User,SANDBOX,SVR-CA$
SANDBOX,Domain Computers, User,SANDBOX,SVR-SQL$
SANDBOX,Domain Computers, User,SANDBOX,SVR-SP$
SANDBOX,Domain Computers, User,SANDBOX,WANMGR$
SANDBOX,Domain Computers, User,SANDBOX,OBSERVEIT-DB$
SANDBOX,Domain Computers, User,SANDBOX,OBSERVEIT$
SANDBOX,Domain Computers, User,SANDBOX,NFCV2$
SANDBOX,Domain Computers, User,SANDBOX,152DCOBS$
SANDBOX,Domain Computers, User,SANDBOX,HBSS$
SANDBOX,Domain Computers, User,SANDBOX,AGMWIN7-001-0$
SANDBOX,Domain Computers, User,SANDBOX,WKS33$
SANDBOX,Domain Computers, User,SANDBOX,EXECCLIENT1$
SANDBOX,Domain Computers, User,SANDBOX,EXECCLIENT01$
SANDBOX,Domain Computers, User,SANDBOX,EXECCLIENT02$
SANDBOX,Domain Computers, User,SANDBOX,EXECCLIENT03$
SANDBOX,Domain Computers, User,SANDBOX,EXECCLIENT05$
SANDBOX,Domain Computers, User,SANDBOX,EXECCLIENT06$
SANDBOX,Domain Computers, User,SANDBOX,EXECCLIENT07$
SANDBOX,Domain Computers, User,SANDBOX,EXECCLIENT08$
SANDBOX,Domain Computers, User,SANDBOX,EXECCLIENT09$
SANDBOX,Domain Computers, User,SANDBOX,EXECCLIENT10$
SANDBOX,Domain Computers, User,SANDBOX,EXECCLIENT11$
SANDBOX,Domain Computers, User,SANDBOX,EXECCLIENT12$
SANDBOX,Domain Computers, User,SANDBOX,EXECCLIENT13$
SANDBOX,Domain Computers, User,SANDBOX,EXECCLIENT14$
SANDBOX,Domain Computers, User,SANDBOX,EXECCLIENT15$
SANDBOX,Domain Computers, User,SANDBOX,EXECCLIENT16$
SANDBOX,Domain Computers, User,SANDBOX,EXECCLIENT17$
SANDBOX,Domain Computers, User,SANDBOX,EXECCLIENT18$
SANDBOX,Domain Computers, User,SANDBOX,EXECCLIENT19$
SANDBOX,Domain Computers, User,SANDBOX,EXECCLIENT20$
SANDBOX,Domain Computers, User,SANDBOX,EXECCLIENT21$
SANDBOX,Domain Computers, User,SANDBOX,EXECCLIENT22$
SANDBOX,Domain Computers, User,SANDBOX,EXECCLIENT23$
SANDBOX,Domain Computers, User,SANDBOX,EXECCLIENT24$
SANDBOX,Domain Computers, User,SANDBOX,EXECCLIENT25$
SANDBOX,Domain Computers, User,SANDBOX,HRCLIENT01$
SANDBOX,Domain Computers, User,SANDBOX,HRCLIENT02$
SANDBOX,Domain Computers, User,SANDBOX,HRCLIENT03$
SANDBOX,Domain Computers, User,SANDBOX,HRCLIENT04$
SANDBOX,Domain Computers, User,SANDBOX,HRCLIENT05$
SANDBOX,Domain Computers, User,SANDBOX,HRCLIENT06$
SANDBOX,Domain Computers, User,SANDBOX,HRCLIENT07$
SANDBOX,Domain Computers, User,SANDBOX,HRCLIENT08$
SANDBOX,Domain Computers, User,SANDBOX,HRCLIENT09$
SANDBOX,Domain Computers, User,SANDBOX,HRCLIENT10$
SANDBOX,Domain Computers, User,SANDBOX,HRCLIENT11$
SANDBOX,Domain Computers, User,SANDBOX,HRCLIENT12$
SANDBOX,Domain Computers, User,SANDBOX,HRCLIENT13$
SANDBOX,Domain Computers, User,SANDBOX,HRCLIENT14$
SANDBOX,Domain Computers, User,SANDBOX,HRCLIENT15$
SANDBOX,Domain Computers, User,SANDBOX,HRCLIENT16$
SANDBOX,Domain Computers, User,SANDBOX,HRCLIENT17$
SANDBOX,Domain Computers, User,SANDBOX,HRCLIENT18$
SANDBOX,Domain Computers, User,SANDBOX,HRCLIENT19$
SANDBOX,Domain Computers, User,SANDBOX,HRCLIENT20$
SANDBOX,Domain Computers, User,SANDBOX,HRCLIENT21$
SANDBOX,Domain Computers, User,SANDBOX,HRCLIENT22$
SANDBOX,Domain Computers, User,SANDBOX,HRCLIENT23$
SANDBOX,Domain Computers, User,SANDBOX,HRCLIENT24$
SANDBOX,Domain Computers, User,SANDBOX,HRCLIENT25$
SANDBOX,Domain Computers, User,SANDBOX,LOGCLIENT01$
SANDBOX,Domain Computers, User,SANDBOX,LOGCLIENT02$
SANDBOX,Domain Computers, User,SANDBOX,LOGCLIENT03$
SANDBOX,Domain Computers, User,SANDBOX,LOGCLIENT04$
SANDBOX,Domain Computers, User,SANDBOX,LOGCLIENT05$
SANDBOX,Domain Computers, User,SANDBOX,LOGCLIENT06$
SANDBOX,Domain Computers, User,SANDBOX,LOGCLIENT07$
SANDBOX,Domain Computers, User,SANDBOX,LOGCLIENT08$
SANDBOX,Domain Computers, User,SANDBOX,LOGCLIENT09$
SANDBOX,Domain Computers, User,SANDBOX,LOGCLIENT10$
SANDBOX,Domain Computers, User,SANDBOX,LOGCLIENT11$
SANDBOX,Domain Computers, User,SANDBOX,LOGCLIENT12$
SANDBOX,Domain Computers, User,SANDBOX,LOGCLIENT13$
SANDBOX,Domain Computers, User,SANDBOX,LOGCLIENT14$
SANDBOX,Domain Computers, User,SANDBOX,LOGCLIENT15$
SANDBOX,Domain Computers, User,SANDBOX,LOGCLIENT16$
SANDBOX,Domain Computers, User,SANDBOX,LOGCLIENT17$
SANDBOX,Domain Computers, User,SANDBOX,LOGCLIENT18$
SANDBOX,Domain Computers, User,SANDBOX,LOGCLIENT19$
SANDBOX,Domain Computers, User,SANDBOX,LOGCLIENT20$
SANDBOX,Domain Computers, User,SANDBOX,LOGCLIENT21$
SANDBOX,Domain Computers, User,SANDBOX,LOGCLIENT22$
SANDBOX,Domain Computers, User,SANDBOX,LOGCLIENT24$
SANDBOX,Domain Computers, User,SANDBOX,LOGCLIENT25$
SANDBOX,Domain Computers, User,SANDBOX,FINCLIENT01$
SANDBOX,Domain Computers, User,SANDBOX,FINCLIENT02$
SANDBOX,Domain Computers, User,SANDBOX,FINCLIENT03$
SANDBOX,Domain Computers, User,SANDBOX,FINCLIENT04$
SANDBOX,Domain Computers, User,SANDBOX,FINCLIENT05$
SANDBOX,Domain Computers, User,SANDBOX,FINCLIENT06$
SANDBOX,Domain Computers, User,SANDBOX,FINCLIENT07$
SANDBOX,Domain Computers, User,SANDBOX,FINCLIENT08$
SANDBOX,Domain Computers, User,SANDBOX,FINCLIENT09$
SANDBOX,Domain Computers, User,SANDBOX,FINCLIENT10$
SANDBOX,Domain Computers, User,SANDBOX,FINCLIENT11$
SANDBOX,Domain Computers, User,SANDBOX,FINCLIENT12$
SANDBOX,Domain Computers, User,SANDBOX,FINCLIENT13$
SANDBOX,Domain Computers, User,SANDBOX,FINCLIENT14$
SANDBOX,Domain Computers, User,SANDBOX,FINCLIENT15$
SANDBOX,Domain Computers, User,SANDBOX,FINCLIENT16$
SANDBOX,Domain Computers, User,SANDBOX,FINCLIENT17$
SANDBOX,Domain Computers, User,SANDBOX,FINCLIENT18$
SANDBOX,Domain Computers, User,SANDBOX,FINCLIENT19$
SANDBOX,Domain Computers, User,SANDBOX,FINCLIENT20$
SANDBOX,Domain Computers, User,SANDBOX,FINCLIENT21$
SANDBOX,Domain Computers, User,SANDBOX,FINCLIENT22$
SANDBOX,Domain Computers, User,SANDBOX,FINCLIENT23$
SANDBOX,Domain Computers, User,SANDBOX,FINCLIENT24$
SANDBOX,Domain Computers, User,SANDBOX,FINCLIENT25$
SANDBOX,Domain Computers, User,SANDBOX,FINANECLIENT18$
SANDBOX,Domain Computers, User,SANDBOX,EXEC_CLIENT12$
SANDBOX,Domain Computers, User,SANDBOX,EXECCLIENT2$
SANDBOX,Domain Computers, User,SANDBOX,EXECCLIENT3$
SANDBOX,Domain Computers, User,SANDBOX,LOG_CLIENT10$
SANDBOX,Domain Computers, User,SANDBOX,LOG_CLIENT01$
SANDBOX,Domain Computers, User,SANDBOX,EXECCLIENT4$
SANDBOX,Domain Computers, User,SANDBOX,EXECLIENT07$
SANDBOX,Domain Computers, User,SANDBOX,LOGCLIENT4$
SANDBOX,Domain Computers, User,SANDBOX,LOGCLIENT7$
SANDBOX,Domain Computers, User,SANDBOX,LOGCLIENT5$
SANDBOX,Domain Computers, User,SANDBOX,WINXPSP3-0$
SANDBOX,Domain Computers, User,SANDBOX,SVR-SQL-08$
SANDBOX,Domain Computers, User,SANDBOX,SERVER_SP_112$
SANDBOX,Domain Computers, User,SANDBOX,SVR-EXCH$
SANDBOX,Domain Computers, User,SANDBOX,BSCOPE$
SANDBOX,Domain Computers, User,SANDBOX,CLI-WIN7-01$
SANDBOX,Domain Computers, User,SANDBOX,SVR-FILE$
SANDBOX,Domain Computers, User,SANDBOX,MLD-EPO$
SANDBOX,Domain Computers, User,SANDBOX,BS-DEFENDER-PC$
SANDBOX,Domain Computers, User,SANDBOX,FINANCE_CLIENT3$
SANDBOX,Domain Computers, User,SANDBOX,BLUE-WSUS$
SANDBOX,Domain Computers, User,SANDBOX,WIN12HUNT$
SANDBOX,Domain Controllers, User,SANDBOX,SVR-DC01$
SANDBOX,Domain Controllers, User,SANDBOX,SVR-DC02$
SANDBOX,Domain Guests, User,SANDBOX,Guest
SANDBOX,Domain Users, User,SANDBOX,patton
SANDBOX,Domain Users, User,SANDBOX,krbtgt
SANDBOX,Domain Users, User,SANDBOX,CES
SANDBOX,Domain Users, User,SANDBOX,wks01.user
SANDBOX,Domain Users, User,SANDBOX,wks02.user
SANDBOX,Domain Users, User,SANDBOX,wks03.user
SANDBOX,Domain Users, User,SANDBOX,wks04.user
SANDBOX,Domain Users, User,SANDBOX,wks05.user
SANDBOX,Domain Users, User,SANDBOX,wks06.user
SANDBOX,Domain Users, User,SANDBOX,wks07.user
SANDBOX,Domain Users, User,SANDBOX,wks08.user
SANDBOX,Domain Users, User,SANDBOX,wks09.user
SANDBOX,Domain Users, User,SANDBOX,wks10.user
SANDBOX,Domain Users, User,SANDBOX,sp_svc
SANDBOX,Domain Users, User,SANDBOX,KAbercrombie
SANDBOX,Domain Users, User,SANDBOX,SAlexander
SANDBOX,Domain Users, User,SANDBOX,JBarnhill
SANDBOX,Domain Users, User,SANDBOX,MBenson
SANDBOX,Domain Users, User,SANDBOX,JBischoff
SANDBOX,Domain Users, User,SANDBOX,SBourne
SANDBOX,Domain Users, User,SANDBOX,JBrown
SANDBOX,Domain Users, User,SANDBOX,DCampbell
SANDBOX,Domain Users, User,SANDBOX,RCaron
SANDBOX,Domain Users, User,SANDBOX,GChapman
SANDBOX,Domain Users, User,SANDBOX,JClayton
SANDBOX,Domain Users, User,SANDBOX,SConroy
SANDBOX,Domain Users, User,SANDBOX,SCulp
SANDBOX,Domain Users, User,SANDBOX,BDiaz
SANDBOX,Domain Users, User,SANDBOX,MEmanuel
SANDBOX,Domain Users, User,SANDBOX,CFitzgerald
SANDBOX,Domain Users, User,SANDBOX,GFort
SANDBOX,Domain Users, User,SANDBOX,JGanio
SANDBOX,Domain Users, User,SANDBOX,JGlynn
SANDBOX,Domain Users, User,SANDBOX,DGraham
SANDBOX,Domain Users, User,SANDBOX,DHall
SANDBOX,Domain Users, User,SANDBOX,MHarrington
SANDBOX,Domain Users, User,SANDBOX,MHassall
SANDBOX,Domain Users, User,SANDBOX,KHensien
SANDBOX,Domain Users, User,SANDBOX,DHodgson
SANDBOX,Domain Users, User,SANDBOX,MHolm
SANDBOX,Domain Users, User,SANDBOX,LJacobson
SANDBOX,Domain Users, User,SANDBOX,KJordan
SANDBOX,Domain Users, User,SANDBOX,JKelly
SANDBOX,Domain Users, User,SANDBOX,KKhanna
SANDBOX,Domain Users, User,SANDBOX,SKoduri
SANDBOX,Domain Users, User,SANDBOX,JLenehan
SANDBOX,Domain Users, User,SANDBOX,JLew
SANDBOX,Domain Users, User,SANDBOX,RLyon
SANDBOX,Domain Users, User,SANDBOX,SMartinez
SANDBOX,Domain Users, User,SANDBOX,KMcAskill-White
SANDBOX,Domain Users, User,SANDBOX,JMiksovsky
SANDBOX,Domain Users, User,SANDBOX,BMoore
SANDBOX,Domain Users, User,SANDBOX,SMunson
SANDBOX,Domain Users, User,SANDBOX,LNay
SANDBOX,Domain Users, User,SANDBOX,DOrtiz
SANDBOX,Domain Users, User,SANDBOX,JPerera
SANDBOX,Domain Users, User,SANDBOX,JPrice
SANDBOX,Domain Users, User,SANDBOX,RReeves
SANDBOX,Domain Users, User,SANDBOX,ERothenberg
SANDBOX,Domain Users, User,SANDBOX,PSamarawickrama
SANDBOX,Domain Users, User,SANDBOX,SSchulte
SANDBOX,Domain Users, User,SANDBOX,MSherman
SANDBOX,Domain Users, User,SANDBOX,DSmith
SANDBOX,Domain Users, User,SANDBOX,ASteiner
SANDBOX,Domain Users, User,SANDBOX,BSutton
SANDBOX,Domain Users, User,SANDBOX,DTiedt
SANDBOX,Domain Users, User,SANDBOX,GVargas
SANDBOX,Domain Users, User,SANDBOX,BWalton
SANDBOX,Domain Users, User,SANDBOX,JWilson
SANDBOX,Domain Users, User,SANDBOX,TYoutsey
SANDBOX,Domain Users, User,SANDBOX,PAckerman
SANDBOX,Domain Users, User,SANDBOX,TAtkinson
SANDBOX,Domain Users, User,SANDBOX,ABarr
SANDBOX,Domain Users, User,SANDBOX,KBerge
SANDBOX,Domain Users, User,SANDBOX,SBishop
SANDBOX,Domain Users, User,SANDBOX,DBradley
SANDBOX,Domain Users, User,SANDBOX,RBrown
SANDBOX,Domain Users, User,SANDBOX,CCannon
SANDBOX,Domain Users, User,SANDBOX,ACarothers
SANDBOX,Domain Users, User,SANDBOX,NCharney
SANDBOX,Domain Users, User,SANDBOX,PColeman
SANDBOX,Domain Users, User,SANDBOX,PCook
SANDBOX,Domain Users, User,SANDBOX,MDanseglio
SANDBOX,Domain Users, User,SANDBOX,GDickmann
SANDBOX,Domain Users, User,SANDBOX,GErickson
SANDBOX,Domain Users, User,SANDBOX,KFlood
SANDBOX,Domain Users, User,SANDBOX,JFredericksen
SANDBOX,Domain Users, User,SANDBOX,JGeist
SANDBOX,Domain Users, User,SANDBOX,SGode
SANDBOX,Domain Users, User,SANDBOX,JGrande
SANDBOX,Domain Users, User,SANDBOX,DHamilton
SANDBOX,Domain Users, User,SANDBOX,KHarris
SANDBOX,Domain Users, User,SANDBOX,CHector
SANDBOX,Domain Users, User,SANDBOX,AHill
SANDBOX,Domain Users, User,SANDBOX,HHoeing
SANDBOX,Domain Users, User,SANDBOX,PHouston
SANDBOX,Domain Users, User,SANDBOX,DJaffe
SANDBOX,Domain Users, User,SANDBOX,RKelly
SANDBOX,Domain Users, User,SANDBOX,JKim
SANDBOX,Domain Users, User,SANDBOX,ELang
SANDBOX,Domain Users, User,SANDBOX,JLos
SANDBOX,Domain Users, User,SANDBOX,JLysaker
SANDBOX,Domain Users, User,SANDBOX,SMasters
SANDBOX,Domain Users, User,SANDBOX,NMcCormick
SANDBOX,Domain Users, User,SANDBOX,FMiller
SANDBOX,Domain Users, User,SANDBOX,JMorris
SANDBOX,Domain Users, User,SANDBOX,KMyer
SANDBOX,Domain Users, User,SANDBOX,TNixon
SANDBOX,Domain Users, User,SANDBOX,RO'Hara
SANDBOX,Domain Users, User,SANDBOX,JPak
SANDBOX,Domain Users, User,SANDBOX,CPhilips
SANDBOX,Domain Users, User,SANDBOX,SPurcell
SANDBOX,Domain Users, User,SANDBOX,RRounthwaite
SANDBOX,Domain Users, User,SANDBOX,MSandberg
SANDBOX,Domain Users, User,SANDBOX,MSeamans
SANDBOX,Domain Users, User,SANDBOX,SShridhar
SANDBOX,Domain Users, User,SANDBOX,JSmith
SANDBOX,Domain Users, User,SANDBOX,DStenerson
SANDBOX,Domain Users, User,SANDBOX,SSzymanski
SANDBOX,Domain Users, User,SANDBOX,JTippett
SANDBOX,Domain Users, User,SANDBOX,KVerboort
SANDBOX,Domain Users, User,SANDBOX,PWaxman
SANDBOX,Domain Users, User,SANDBOX,JWood
SANDBOX,Domain Users, User,SANDBOX,GYukish
SANDBOX,Domain Users, User,SANDBOX,JAdams
SANDBOX,Domain Users, User,SANDBOX,BBeck
SANDBOX,Domain Users, User,SANDBOX,ABerglund
SANDBOX,Domain Users, User,SANDBOX,LBonifaz
SANDBOX,Domain Users, User,SANDBOX,RBready
SANDBOX,Domain Users, User,SANDBOX,KBrowne
SANDBOX,Domain Users, User,SANDBOX,RCarey
SANDBOX,Domain Users, User,SANDBOX,BCetinok
SANDBOX,Domain Users, User,SANDBOX,JChen
SANDBOX,Domain Users, User,SANDBOX,ACon
SANDBOX,Domain Users, User,SANDBOX,SCooper
SANDBOX,Domain Users, User,SANDBOX,KDeGrasse
SANDBOX,Domain Users, User,SANDBOX,ADixon
SANDBOX,Domain Users, User,SANDBOX,JEvans
SANDBOX,Domain Users, User,SANDBOX,JFluegel
SANDBOX,Domain Users, User,SANDBOX,DFunk
SANDBOX,Domain Users, User,SANDBOX,TGetzinger
SANDBOX,Domain Users, User,SANDBOX,JGoldberg
SANDBOX,Domain Users, User,SANDBOX,DGroncki
SANDBOX,Domain Users, User,SANDBOX,JHance
SANDBOX,Domain Users, User,SANDBOX,DHartwig
SANDBOX,Domain Users, User,SANDBOX,JHenningsen
SANDBOX,Domain Users, User,SANDBOX,MHines
SANDBOX,Domain Users, User,SANDBOX,BHoffman
SANDBOX,Domain Users, User,SANDBOX,JHoward
SANDBOX,Domain Users, User,SANDBOX,JJamison
SANDBOX,Domain Users, User,SANDBOX,BKearney
SANDBOX,Domain Users, User,SANDBOX,KKennedy
SANDBOX,Domain Users, User,SANDBOX,SKim
SANDBOX,Domain Users, User,SANDBOX,FLee
SANDBOX,Domain Users, User,SANDBOX,LLeste
SANDBOX,Domain Users, User,SANDBOX,JLugo
SANDBOX,Domain Users, User,SANDBOX,SMacDonald
SANDBOX,Domain Users, User,SANDBOX,JMatthews
SANDBOX,Domain Users, User,SANDBOX,SMetters
SANDBOX,Domain Users, User,SANDBOX,LMitchell
SANDBOX,Domain Users, User,SANDBOX,JMoseley
SANDBOX,Domain Users, User,SANDBOX,SNagata
SANDBOX,Domain Users, User,SANDBOX,LNorman
SANDBOX,Domain Users, User,SANDBOX,FOgisu
SANDBOX,Domain Users, User,SANDBOX,MPatten
SANDBOX,Domain Users, User,SANDBOX,CPoland
SANDBOX,Domain Users, User,SANDBOX,KRalls
SANDBOX,Domain Users, User,SANDBOX,DRichards
SANDBOX,Domain Users, User,SANDBOX,LSacksteder
SANDBOX,Domain Users, User,SANDBOX,GSchare
SANDBOX,Domain Users, User,SANDBOX,BSeidl
SANDBOX,Domain Users, User,SANDBOX,BSimon
SANDBOX,Domain Users, User,SANDBOX,SSmith
SANDBOX,Domain Users, User,SANDBOX,JStewart
SANDBOX,Domain Users, User,SANDBOX,MTiano
SANDBOX,Domain Users, User,SANDBOX,LTsoflias
SANDBOX,Domain Users, User,SANDBOX,WVong
SANDBOX,Domain Users, User,SANDBOX,PWest
SANDBOX,Domain Users, User,SANDBOX,GYoung
SANDBOX,Domain Users, User,SANDBOX,KZimprich
SANDBOX,Domain Users, User,SANDBOX,KAkers
SANDBOX,Domain Users, User,SANDBOX,ABarbariol
SANDBOX,Domain Users, User,SANDBOX,IBen-Sachar
SANDBOX,Domain Users, User,SANDBOX,JBerry
SANDBOX,Domain Users, User,SANDBOX,RBoseman
SANDBOX,Domain Users, User,SANDBOX,TBremer
SANDBOX,Domain Users, User,SANDBOX,NBuchanan
SANDBOX,Domain Users, User,SANDBOX,TCarlson
SANDBOX,Domain Users, User,SANDBOX,SChai
SANDBOX,Domain Users, User,SANDBOX,AChor
SANDBOX,Domain Users, User,SANDBOX,PConnelly
SANDBOX,Domain Users, User,SANDBOX,ECorets
SANDBOX,Domain Users, User,SANDBOX,ADelaney
SANDBOX,Domain Users, User,SANDBOX,PDoyle
SANDBOX,Domain Users, User,SANDBOX,MFaeber
SANDBOX,Domain Users, User,SANDBOX,KFocht
SANDBOX,Domain Users, User,SANDBOX,MGalos
SANDBOX,Domain Users, User,SANDBOX,GGilbert
SANDBOX,Domain Users, User,SANDBOX,MGraff
SANDBOX,Domain Users, User,SANDBOX,BGroth
SANDBOX,Domain Users, User,SANDBOX,MHanson
SANDBOX,Domain Users, User,SANDBOX,RHarui
SANDBOX,Domain Users, User,SANDBOX,JHenshaw
SANDBOX,Domain Users, User,SANDBOX,RHirsch
SANDBOX,Domain Users, User,SANDBOX,BHohman
SANDBOX,Domain Users, User,SANDBOX,AHuff
SANDBOX,Domain Users, User,SANDBOX,DJohnson
SANDBOX,Domain Users, User,SANDBOX,KKeil
SANDBOX,Domain Users, User,SANDBOX,EKeyser
SANDBOX,Domain Users, User,SANDBOX,RKoch
SANDBOX,Domain Users, User,SANDBOX,MLee
SANDBOX,Domain Users, User,SANDBOX,SLevy
SANDBOX,Domain Users, User,SANDBOX,RLum
SANDBOX,Domain Users, User,SANDBOX,MMartin
SANDBOX,Domain Users, User,SANDBOX,TMaxwell
SANDBOX,Domain Users, User,SANDBOX,DMeyer
SANDBOX,Domain Users, User,SANDBOX,JMollerup
SANDBOX,Domain Users, User,SANDBOX,SMughal
SANDBOX,Domain Users, User,SANDBOX,MNash
SANDBOX,Domain Users, User,SANDBOX,FNorthup
SANDBOX,Domain Users, User,SANDBOX,TOrman
SANDBOX,Domain Users, User,SANDBOX,JPeoples
SANDBOX,Domain Users, User,SANDBOX,CPreston
SANDBOX,Domain Users, User,SANDBOX,CRandall
SANDBOX,Domain Users, User,SANDBOX,JRodman
SANDBOX,Domain Users, User,SANDBOX,RSam
SANDBOX,Domain Users, User,SANDBOX,YSchleger
SANDBOX,Domain Users, User,SANDBOX,AShen
SANDBOX,Domain Users, User,SANDBOX,DSimpson
SANDBOX,Domain Users, User,SANDBOX,PSpencer
SANDBOX,Domain Users, User,SANDBOX,NSun
SANDBOX,Domain Users, User,SANDBOX,DTibbott
SANDBOX,Domain Users, User,SANDBOX,FVoss
SANDBOX,Domain Users, User,SANDBOX,WWheeler
SANDBOX,Domain Users, User,SANDBOX,RYoung
SANDBOX,Domain Users, User,SANDBOX,WKS11.user
SANDBOX,Domain Users, User,SANDBOX,BJones
SANDBOX,Domain Users, User,SANDBOX,admin
SANDBOX,Domain Users, User,SANDBOX,salvador.navarrette
SANDBOX,Domain Users, User,SANDBOX,brandon.larson
SANDBOX,Domain Users, User,SANDBOX,najimah.lewis
SANDBOX,Domain Users, User,SANDBOX,raymond.edwards
SANDBOX,Domain Users, User,SANDBOX,thomas.czarkowski
SANDBOX,Domain Users, User,SANDBOX,steven.feigh
SANDBOX,Domain Users, User,SANDBOX,newtina.mitchell
SANDBOX,Domain Users, User,SANDBOX,charles.burge
SANDBOX,Domain Users, User,SANDBOX,lazira.perrilloux
SANDBOX,Domain Users, User,SANDBOX,yasitu.richardson
SANDBOX,Domain Users, User,SANDBOX,401cpt
SANDBOX,Domain Users, User,SANDBOX,garay
SANDBOX,Domain Users, User,SANDBOX,rocky
SANDBOX,Domain Users, User,SANDBOX,carlos.gallego
SANDBOX,Domain Users, User,SANDBOX,$505000-NPRIDE6N952P
SANDBOX,Domain Users, User,SANDBOX,SM_e3f1d2eec0484ae4b
SANDBOX,Domain Users, User,SANDBOX,SM_72b1579d56094340a
SANDBOX,Domain Users, User,SANDBOX,SM_7538a850bc504fc89
SANDBOX,Domain Users, User,SANDBOX,SM_5a8989c3123843e29
SANDBOX,Domain Users, User,SANDBOX,SM_bb007b60ae39475ab
SANDBOX,Domain Users, User,SANDBOX,SM_ef3195b90811453e8
SANDBOX,Domain Users, User,SANDBOX,SM_9ed69d14c34c44e2b
SANDBOX,Domain Users, User,SANDBOX,SM_3fdc8b1c21884284a
SANDBOX,Domain Users, User,SANDBOX,SM_3a17ae6bce2247899
SANDBOX,Domain Users, User,SANDBOX,sql_install
SANDBOX,Domain Users, User,SANDBOX,sql_user
SANDBOX,Domain Users, User,SANDBOX,sp_farm
SANDBOX,Domain Users, User,SANDBOX,sp_admin
SANDBOX,Domain Users, User,SANDBOX,christopher.clayton
SANDBOX,Domain Users, User,SANDBOX,hbss_admin
SANDBOX,Domain Users, User,SANDBOX,thatguy2
SANDBOX,Domain Users, User,SANDBOX,hbss
SANDBOX,Domain Users, User,SANDBOX,bluescope
SANDBOX,Domain Users, User,SANDBOX,cpt153
SANDBOX,Domain Users, User,SANDBOX,cpt91
SANDBOX,Enterprise Admins, User,SANDBOX,patton
SANDBOX,Enterprise Admins, User,SANDBOX,admin
SANDBOX,Enterprise Admins, User,SANDBOX,rocky
SANDBOX,Enterprise Admins, User,SANDBOX,cpt91
SANDBOX,Exchange Servers, User,SANDBOX,SVR-EXCH$
SANDBOX,Exchange Trusted Subsystem, User,SANDBOX,SVR-EXCH$
SANDBOX,Group Policy Creator Owners, User,SANDBOX,patton
SANDBOX,Group Policy Creator Owners, User,SANDBOX,cpt91
SANDBOX,HHC, User,SANDBOX,KAbercrombie
SANDBOX,HHC, User,SANDBOX,SAlexander
SANDBOX,HHC, User,SANDBOX,JBarnhill
SANDBOX,HHC, User,SANDBOX,MBenson
SANDBOX,HHC, User,SANDBOX,JBischoff
SANDBOX,HHC, User,SANDBOX,SBourne
SANDBOX,HHC, User,SANDBOX,JBrown
SANDBOX,HHC, User,SANDBOX,DCampbell
SANDBOX,HHC, User,SANDBOX,RCaron
SANDBOX,HHC, User,SANDBOX,GChapman
SANDBOX,HHC, User,SANDBOX,JClayton
SANDBOX,HHC, User,SANDBOX,SConroy
SANDBOX,HHC, User,SANDBOX,SCulp
SANDBOX,HHC, User,SANDBOX,BDiaz
SANDBOX,HHC, User,SANDBOX,MEmanuel
SANDBOX,HHC, User,SANDBOX,CFitzgerald
SANDBOX,HHC, User,SANDBOX,GFort
SANDBOX,HHC, User,SANDBOX,JGanio
SANDBOX,HHC, User,SANDBOX,JGlynn
SANDBOX,HHC, User,SANDBOX,DGraham
SANDBOX,HHC, User,SANDBOX,BJones
SANDBOX,Organization Management, User,SANDBOX,patton
SANDBOX,Organization Management, User,SANDBOX,rocky
SANDBOX,Organization Management, User,SANDBOX,cpt91
SANDBOX,S1, User,SANDBOX,DHall
SANDBOX,S1, User,SANDBOX,MHarrington
SANDBOX,S1, User,SANDBOX,MHassall
SANDBOX,S1, User,SANDBOX,KHensien
SANDBOX,S1, User,SANDBOX,DHodgson
SANDBOX,S1, User,SANDBOX,MHolm
SANDBOX,S1, User,SANDBOX,LJacobson
SANDBOX,S1, User,SANDBOX,KJordan
SANDBOX,S1, User,SANDBOX,JKelly
SANDBOX,S1, User,SANDBOX,KKhanna
SANDBOX,S1, User,SANDBOX,SKoduri
SANDBOX,S1, User,SANDBOX,JLenehan
SANDBOX,S1, User,SANDBOX,JLew
SANDBOX,S1, User,SANDBOX,RLyon
SANDBOX,S1, User,SANDBOX,SMartinez
SANDBOX,S1, User,SANDBOX,KMcAskill-White
SANDBOX,S1, User,SANDBOX,JMiksovsky
SANDBOX,S1, User,SANDBOX,BMoore
SANDBOX,S1, User,SANDBOX,SMunson
SANDBOX,S1, User,SANDBOX,LNay
SANDBOX,S1, User,SANDBOX,DOrtiz
SANDBOX,S1, User,SANDBOX,JPerera
SANDBOX,S1, User,SANDBOX,JPrice
SANDBOX,S1, User,SANDBOX,RReeves
SANDBOX,S1, User,SANDBOX,ERothenberg
SANDBOX,S1, User,SANDBOX,PSamarawickrama
SANDBOX,S1, User,SANDBOX,SSchulte
SANDBOX,S1, User,SANDBOX,MSherman
SANDBOX,S1, User,SANDBOX,DSmith
SANDBOX,S1, User,SANDBOX,ASteiner
SANDBOX,S1, User,SANDBOX,BSutton
SANDBOX,S1, User,SANDBOX,DTiedt
SANDBOX,S1, User,SANDBOX,GVargas
SANDBOX,S1, User,SANDBOX,BWalton
SANDBOX,S1, User,SANDBOX,JWilson
SANDBOX,S1, User,SANDBOX,TYoutsey
SANDBOX,S1, User,SANDBOX,PAckerman
SANDBOX,S1, User,SANDBOX,TAtkinson
SANDBOX,S1, User,SANDBOX,ABarr
SANDBOX,S1, User,SANDBOX,KBerge
SANDBOX,S1, User,SANDBOX,SBishop
SANDBOX,S2, User,SANDBOX,DBradley
SANDBOX,S2, User,SANDBOX,RBrown
SANDBOX,S2, User,SANDBOX,CCannon
SANDBOX,S2, User,SANDBOX,ACarothers
SANDBOX,S2, User,SANDBOX,NCharney
SANDBOX,S2, User,SANDBOX,PColeman
SANDBOX,S2, User,SANDBOX,PCook
SANDBOX,S2, User,SANDBOX,MDanseglio
SANDBOX,S2, User,SANDBOX,GDickmann
SANDBOX,S2, User,SANDBOX,GErickson
SANDBOX,S2, User,SANDBOX,KFlood
SANDBOX,S2, User,SANDBOX,JFredericksen
SANDBOX,S2, User,SANDBOX,JGeist
SANDBOX,S2, User,SANDBOX,SGode
SANDBOX,S2, User,SANDBOX,JGrande
SANDBOX,S2, User,SANDBOX,DHamilton
SANDBOX,S2, User,SANDBOX,KHarris
SANDBOX,S2, User,SANDBOX,CHector
SANDBOX,S2, User,SANDBOX,AHill
SANDBOX,S2, User,SANDBOX,HHoeing
SANDBOX,S2, User,SANDBOX,PHouston
SANDBOX,S2, User,SANDBOX,DJaffe
SANDBOX,S2, User,SANDBOX,RKelly
SANDBOX,S2, User,SANDBOX,JKim
SANDBOX,S2, User,SANDBOX,ELang
SANDBOX,S2, User,SANDBOX,JLos
SANDBOX,S2, User,SANDBOX,JLysaker
SANDBOX,S2, User,SANDBOX,SMasters
SANDBOX,S2, User,SANDBOX,NMcCormick
SANDBOX,S2, User,SANDBOX,FMiller
SANDBOX,S2, User,SANDBOX,JMorris
SANDBOX,S2, User,SANDBOX,KMyer
SANDBOX,S2, User,SANDBOX,TNixon
SANDBOX,S2, User,SANDBOX,RO'Hara
SANDBOX,S2, User,SANDBOX,JPak
SANDBOX,S3, User,SANDBOX,CPhilips
SANDBOX,S3, User,SANDBOX,SPurcell
SANDBOX,S3, User,SANDBOX,RRounthwaite
SANDBOX,S3, User,SANDBOX,MSandberg
SANDBOX,S3, User,SANDBOX,MSeamans
SANDBOX,S3, User,SANDBOX,SShridhar
SANDBOX,S3, User,SANDBOX,JSmith
SANDBOX,S3, User,SANDBOX,DStenerson
SANDBOX,S3, User,SANDBOX,SSzymanski
SANDBOX,S3, User,SANDBOX,JTippett
SANDBOX,S3, User,SANDBOX,KVerboort
SANDBOX,S3, User,SANDBOX,PWaxman
SANDBOX,S3, User,SANDBOX,JWood
SANDBOX,S3, User,SANDBOX,GYukish
SANDBOX,S3, User,SANDBOX,JAdams
SANDBOX,S3, User,SANDBOX,BBeck
SANDBOX,S4, User,SANDBOX,ABerglund
SANDBOX,S4, User,SANDBOX,LBonifaz
SANDBOX,S4, User,SANDBOX,RBready
SANDBOX,S4, User,SANDBOX,KBrowne
SANDBOX,S4, User,SANDBOX,RCarey
SANDBOX,S4, User,SANDBOX,BCetinok
SANDBOX,S4, User,SANDBOX,JChen
SANDBOX,S4, User,SANDBOX,ACon
SANDBOX,S4, User,SANDBOX,SCooper
SANDBOX,S4, User,SANDBOX,KDeGrasse
SANDBOX,S4, User,SANDBOX,ADixon
SANDBOX,S4, User,SANDBOX,JEvans
SANDBOX,S6, User,SANDBOX,JFluegel
SANDBOX,S6, User,SANDBOX,DFunk
SANDBOX,S6, User,SANDBOX,TGetzinger
SANDBOX,S6, User,SANDBOX,JGoldberg
SANDBOX,S6, User,SANDBOX,DGroncki
SANDBOX,S6, User,SANDBOX,JHance
SANDBOX,S6, User,SANDBOX,DHartwig
SANDBOX,S6, User,SANDBOX,JHenningsen
SANDBOX,S6, User,SANDBOX,MHines
SANDBOX,S6, User,SANDBOX,BHoffman
SANDBOX,S6, User,SANDBOX,JHoward
SANDBOX,S6, User,SANDBOX,JJamison
SANDBOX,S6, User,SANDBOX,BKearney
SANDBOX,S6, User,SANDBOX,KKennedy
SANDBOX,S6, User,SANDBOX,SKim
SANDBOX,S6, User,SANDBOX,FLee
SANDBOX,S6, User,SANDBOX,LLeste
SANDBOX,S6, User,SANDBOX,JLugo
SANDBOX,S6, User,SANDBOX,SMacDonald
SANDBOX,S6, User,SANDBOX,JMatthews
SANDBOX,S6, User,SANDBOX,SMetters
SANDBOX,S6, User,SANDBOX,LMitchell
SANDBOX,S6, User,SANDBOX,JMoseley
SANDBOX,S6, User,SANDBOX,SNagata
SANDBOX,S6, User,SANDBOX,LNorman
SANDBOX,S6, User,SANDBOX,FOgisu
SANDBOX,S6, User,SANDBOX,MPatten
SANDBOX,S6, User,SANDBOX,CPoland
SANDBOX,S6, User,SANDBOX,KRalls
SANDBOX,S6, User,SANDBOX,DRichards
SANDBOX,S6, User,SANDBOX,LSacksteder
SANDBOX,S6, User,SANDBOX,GSchare
SANDBOX,S6, User,SANDBOX,BSeidl
SANDBOX,S6, User,SANDBOX,BSimon
SANDBOX,S6, User,SANDBOX,SSmith
SANDBOX,S6, User,SANDBOX,JStewart
SANDBOX,S6, User,SANDBOX,MTiano
SANDBOX,S6, User,SANDBOX,LTsoflias
SANDBOX,S6, User,SANDBOX,WVong
SANDBOX,S6, User,SANDBOX,PWest
SANDBOX,S6, User,SANDBOX,GYoung
SANDBOX,S6, User,SANDBOX,KZimprich
SANDBOX,S6, User,SANDBOX,KAkers
SANDBOX,S6, User,SANDBOX,ABarbariol
SANDBOX,S6, User,SANDBOX,IBen-Sachar
SANDBOX,Schema Admins, User,SANDBOX,patton
SANDBOX,Schema Admins, User,SANDBOX,rocky
SANDBOX,Schema Admins, User,SANDBOX,cpt91
SANDBOX,Server Management, User,SANDBOX,patton
SANDBOX,Server Management, User,SANDBOX,rocky
SANDBOX,Server Management, User,SANDBOX,cpt91
